{
  "precision_mean": 0.9562574971324972,
  "precision_std": 0.09881812533981904,
  "recall_mean": 0.8736670502699915,
  "recall_std": 0.10048582136704101,
  "f1_mean": 0.9068808892208655,
  "f1_std": 0.10783581143954164,
  "mean_iou_mean": 0.9513218262418509,
  "mean_iou_std": 0.08586193223238958,
  "num_pred_mean": 9.733333333333333,
  "num_pred_std": 3.3479678745305916,
  "num_gt_mean": 10.453333333333333,
  "num_gt_std": 3.3497993306399048,
  "num_matched_mean": 9.29,
  "num_matched_std": 3.2535980083593614,
  "AP@50_mean": 0.8306617745387204,
  "AP@50_std": 0.12181717100030955,
  "AP@75_mean": 0.8011298137097527,
  "AP@75_std": 0.15850397097200888,
  "mAP_mean": 0.7894576874367752,
  "mAP_std": 0.1446503810221431,
  "total_pred": 2920,
  "total_gt": 3136,
  "total_matched": 2787,
  "num_images": 300
}