{
  "precision_mean": 0.6498449605949607,
  "precision_std": 0.29047859855963515,
  "recall_mean": 0.7947093698784876,
  "recall_std": 0.20739873406601203,
  "f1_mean": 0.6944236314828991,
  "f1_std": 0.24906296320348265,
  "mean_iou_mean": 0.8774451386901889,
  "mean_iou_std": 0.129008736336323,
  "num_pred_mean": 10.38,
  "num_pred_std": 3.2581589893680754,
  "num_gt_mean": 8.08,
  "num_gt_std": 3.5204545161101004,
  "num_matched_mean": 6.69,
  "num_matched_std": 3.7701326236619317,
  "AP@50_mean": 0.6344901879359055,
  "AP@50_std": 0.2724424361074643,
  "AP@75_mean": 0.5123231409543532,
  "AP@75_std": 0.3122136550369486,
  "mAP_mean": 0.5315896684141915,
  "mAP_std": 0.2917703969043517,
  "total_pred": 1038,
  "total_gt": 808,
  "total_matched": 669,
  "num_images": 100
}