{
  "precision_mean": 0.685242084841543,
  "precision_std": 0.2719770293034789,
  "recall_mean": 0.8539740496431673,
  "recall_std": 0.1732275125573987,
  "f1_mean": 0.7395912958409929,
  "f1_std": 0.22925367381157852,
  "mean_iou_mean": 0.9080763088291408,
  "mean_iou_std": 0.0749562444975378,
  "num_pred_mean": 10.38,
  "num_pred_std": 3.245858900198836,
  "num_gt_mean": 8.08,
  "num_gt_std": 3.5204545161101004,
  "num_matched_mean": 7.08,
  "num_matched_std": 3.5796089171863454,
  "AP@50_mean": 0.6673638265921342,
  "AP@50_std": 0.25829314142787063,
  "AP@75_mean": 0.5722185483050084,
  "AP@75_std": 0.2922398833843734,
  "mAP_mean": 0.575785917804842,
  "mAP_std": 0.2774216633138509,
  "total_pred": 1038,
  "total_gt": 808,
  "total_matched": 708,
  "num_images": 100
}