{
  "precision_mean": 0.9611051218876294,
  "precision_std": 0.0887406461357628,
  "recall_mean": 0.8764616630646043,
  "recall_std": 0.09554527477671645,
  "f1_mean": 0.9115923150931197,
  "f1_std": 0.09059056772360813,
  "mean_iou_mean": 0.952189728942612,
  "mean_iou_std": 0.06718071280732375,
  "num_pred_mean": 9.693333333333333,
  "num_pred_std": 3.3315595280422183,
  "num_gt_mean": 10.453333333333333,
  "num_gt_std": 3.3497993306399048,
  "num_matched_mean": 9.313333333333333,
  "num_matched_std": 3.2601363298010853,
  "AP@50_mean": 0.8369652076203116,
  "AP@50_std": 0.11435649469031298,
  "AP@75_mean": 0.8001396940799974,
  "AP@75_std": 0.15747424055830095,
  "mAP_mean": 0.7901559216903968,
  "mAP_std": 0.14141185365098635,
  "total_pred": 2908,
  "total_gt": 3136,
  "total_matched": 2794,
  "num_images": 300
}