{
  "precision_mean": 0.9288615265453499,
  "precision_std": 0.12238157017917892,
  "recall_mean": 0.9863723517767636,
  "recall_std": 0.050268711021794574,
  "f1_mean": 0.9521992266548021,
  "f1_std": 0.09013991559114455,
  "mean_iou_mean": 0.945079609004196,
  "mean_iou_std": 0.03647746165820606,
  "AP@50_mean": 0.9745164583724049,
  "AP@50_std": 0.08708178349423634,
  "AP@75_mean": 0.9397301411529202,
  "AP@75_std": 0.13080150347736333,
  "mAP_mean": 0.9157052670859999,
  "mAP_std": 0.11779543629858255,
  "num_pred_mean": 11.07,
  "num_pred_std": 3.285082444424594,
  "num_gt_mean": 10.46,
  "num_gt_std": 3.348890363488579,
  "num_matched_mean": 10.326666666666666,
  "num_matched_std": 3.3326599319795926,
  "total_pred": 3321,
  "total_gt": 3138,
  "total_matched": 3098,
  "num_images": 300
}