{
  "precision_mean": 0.7119408924408924,
  "precision_std": 0.23523611465280256,
  "recall_mean": 0.9452774170274172,
  "recall_std": 0.11461790052233137,
  "f1_mean": 0.7917268129604706,
  "f1_std": 0.1869893993758658,
  "mean_iou_mean": 0.8999343788901072,
  "mean_iou_std": 0.06818831772633885,
  "AP@50_mean": 0.8590115933985752,
  "AP@50_std": 0.1902157936043325,
  "AP@75_mean": 0.7450842416711209,
  "AP@75_std": 0.2797340358795713,
  "mAP_mean": 0.7302382853430136,
  "mAP_std": 0.2484073637146822,
  "num_pred_mean": 10.58,
  "num_pred_std": 3.1246759832020983,
  "num_gt_mean": 8.08,
  "num_gt_std": 3.5204545161101004,
  "num_matched_mean": 7.71,
  "num_matched_std": 3.6859055875049216,
  "total_pred": 1058,
  "total_gt": 808,
  "total_matched": 771,
  "num_images": 100
}