{
  "precision_mean": 0.9563364948038358,
  "precision_std": 0.09510199781060788,
  "recall_mean": 0.9869550746094865,
  "recall_std": 0.04160232061079173,
  "f1_mean": 0.9683754081349666,
  "f1_std": 0.06993438027372298,
  "mean_iou_mean": 0.9455433052085797,
  "mean_iou_std": 0.037000423727859846,
  "AP@50_mean": 0.9790768651352119,
  "AP@50_std": 0.06995194068808891,
  "AP@75_mean": 0.9423712687866248,
  "AP@75_std": 0.1318562707728514,
  "mAP_mean": 0.9170938331114921,
  "mAP_std": 0.11397309447278772,
  "num_pred_mean": 10.76,
  "num_pred_std": 3.3260186409579844,
  "num_gt_mean": 10.46,
  "num_gt_std": 3.348890363488579,
  "num_matched_mean": 10.323333333333334,
  "num_matched_std": 3.339479334001368,
  "total_pred": 3228,
  "total_gt": 3138,
  "total_matched": 3097,
  "num_images": 300
}