{
  "precision_mean": 0.7129224806411338,
  "precision_std": 0.2364013345718458,
  "recall_mean": 0.978230158730159,
  "recall_std": 0.06975337226834809,
  "f1_mean": 0.8022738775179143,
  "f1_std": 0.18140190507037693,
  "mean_iou_mean": 0.9100041799924559,
  "mean_iou_std": 0.05417379036616384,
  "AP@50_mean": 0.9014140467798535,
  "AP@50_std": 0.1578637230966317,
  "AP@75_mean": 0.8164877185966618,
  "AP@75_std": 0.24029639824369708,
  "mAP_mean": 0.7766725492342978,
  "mAP_std": 0.20681964134147873,
  "num_pred_mean": 11.0,
  "num_pred_std": 3.1780497164141406,
  "num_gt_mean": 8.08,
  "num_gt_std": 3.5204545161101004,
  "num_matched_mean": 7.93,
  "num_matched_std": 3.589582148384405,
  "total_pred": 1100,
  "total_gt": 808,
  "total_matched": 793,
  "num_images": 100
}